Workbook

Sheet ấp Trường Bình
A1: STT | B1: Họ và tên | C1: Số Mã Bảo Hiểm | D1: Tra bên BHXH | E1: Ngày tháng năm sinh | F1: Số Định danh | G1: Ngày cấp | H1: Mối quan hệ | I1: Tuổi | J1: Điện thoại | K1: Đi nước ngoài | O1: Nghề nghiệp | P1: Lúa/diện tích | Q1: Vườn | T1: Rau màu | V1: Ao | X1: Chăn nuôi | Z1: Ghi chú
K2: Du học | L2: Lấy chồng | M2: XKLD | N2: Định cư | Q2: Cây | R2: số lượng | S2: diện tích | T2: Tên Rau | U2: Diện tích | V2: Tên vật nuôi | W2: số lượng/m2 | X2: Gia xúc | Y2: gia cầm
B3: Lê Thị Yến Ngọc | C3: không có | D3: =IFERROR(INDEX(BHXH!B:B,MATCH($F3,BHXH!D:D,0)),"không có") -> không có | E3: 25/01/2011 | F3: 093311001451 | G3: 45700 | H3: thành viên | I3: =DATEDIF($E3, TODAY(), "Y") -> #VALUE!
B4: Nguyễn Ngô Yến Nhi | C4: 9321653748 | D4: =IFERROR(INDEX(BHXH!B:B,MATCH($F4,BHXH!D:D,0)),"không có") -> 9321653748 | E4: 16/06/2011 | F4: 093311008474 | G4: 45918 | H4: thành viên | I4: =DATEDIF($E4, TODAY(), "Y") -> #VALUE!
B5: Nguyễn Lâm Chấn Khang | C5: 9320952733 | D5: =IFERROR(INDEX(BHXH!B:B,MATCH($F5,BHXH!D:D,0)),"không có") -> 9320952733 | E5: 02/09/2011 | F5: 093211008469 | G5: 45957 | H5: thành viên | I5: =DATEDIF($E5, TODAY(), "Y") -> 15
B6: Nguyễn Gia Kỳ | C6: 9321049671 | D6: =IFERROR(INDEX(BHXH!B:B,MATCH($F6,BHXH!D:D,0)),"không có") -> 9321049671 | E6: 29/01/2011 | F6: 093211001413 | G6: 46051 | H6: thành viên | I6: =DATEDIF($E6, TODAY(), "Y") -> #VALUE!
B7: Võ Lê Thanh Khánh | C7: 9123367865 | D7: =IFERROR(INDEX(BHXH!B:B,MATCH($F7,BHXH!D:D,0)),"không có") -> 9123367865 | E7: 02/01/2011 | F7: 093211001330 | G7: 45993 | H7: thành viên | I7: =DATEDIF($E7, TODAY(), "Y") -> 15
B8: Hồ Thị Diễm Khanh | C8: 9321019922 | D8: =IFERROR(INDEX(BHXH!B:B,MATCH($F8,BHXH!D:D,0)),"không có") -> 9321019922 | E8: 03/07/2011 | F8: 093311004383 | G8: 46013 | H8: thành viên | I8: =DATEDIF($E8, TODAY(), "Y") -> 15
B9: Lê Quốc Huy | C9: 9320996221 | D9: =IFERROR(INDEX(BHXH!B:B,MATCH($F9,BHXH!D:D,0)),"không có") -> 9320996221 | E9: 09/11/2010 | F9: 093210001408 | G9: 45769 | H9: thành viên | I9: =DATEDIF($E9, TODAY(), "Y") -> 16
B10: Lê Hoàng Huỳnh Giao | C10: 9321010773 | D10: =IFERROR(INDEX(BHXH!B:B,MATCH($F10,BHXH!D:D,0)),"không có") -> 9321010773 | E10: 02/08/2011 | F10: 093311001891 | G10: 45874 | H10: thành viên | I10: =DATEDIF($E10, TODAY(), "Y") -> 15
B11: Trần Huỳnh Phát | C11: 9321715285 | D11: =IFERROR(INDEX(BHXH!B:B,MATCH($F11,BHXH!D:D,0)),"không có") -> 9321715285 | E11: 17/01/2010 | F11: 093210007382 | G11: 45693 | H11: thành viên | I11: =DATEDIF($E11, TODAY(), "Y") -> #VALUE!
B12: Đặng Quốc Khánh | C12: 9320955503 | D12: =IFERROR(INDEX(BHXH!B:B,MATCH($F12,BHXH!D:D,0)),"không có") -> không có | E12: 20/08/2010 | F12: 093210000616 | G12: 45958 | H12: thành viên | I12: =DATEDIF($E12, TODAY(), "Y") -> #VALUE!
B13: Nguyễn Huỳnh Thiên Phú | C13: 9320987367 | E13: 12/08/2012 | F13: 093212008118 | G13: 46164 | H13: thành viên | I13: =DATEDIF($E13, TODAY(), "Y") -> 13
B14: Đặng Quốc Khánh | C14: 9320955503 | D14: =IFERROR(INDEX(BHXH!B:B,MATCH($F14,BHXH!D:D,0)),"không có") -> không có | E14: 20/08/2010 | F14: 093210000616 | G14: 45958 | H14: thành viên | I14: =DATEDIF($E14, TODAY(), "Y") -> #VALUE!
B15: Nguyễn Huỳnh Bảo Châu | C15: 9321985782 | E15: 12/03/2019 | F15: 093319002591 | G15: 46164 | H15: thành viên | I15: =DATEDIF($E15, TODAY(), "Y") -> 6
B16: Võ Thị Mỹ Trân | C16: 9320954915 | D16: =IFERROR(INDEX(BHXH!B:B,MATCH($F16,BHXH!D:D,0)),"không có") -> 9320954915 | E16: 28/10/2009 | F16: 093309003365 | G16: 45282 | H16: thành viên | I16: =DATEDIF($E16, TODAY(), "Y") -> #VALUE!
B17: Lê Văn Thái | C17: 9321715188 | D17: =IFERROR(INDEX(BHXH!B:B,MATCH($F17,BHXH!D:D,0)),"không có") -> 9321715188 | E17: 25/04/2010 | F17: 091210015219 | G17: 45623 | H17: thành viên | I17: =DATEDIF($E17, TODAY(), "Y") -> #VALUE!
B18: Huỳnh Gia Tuệ | C18: 9321985801 | E18: 29/04/2019 | F18: 093319003274 | G18: 46230 | H18: thành viên | I18: =DATEDIF($E18, TODAY(), "Y") -> #VALUE!
B19: Trần Văn Được | C19: 9321674476 | D19: =IFERROR(INDEX(BHXH!B:B,MATCH($F19,BHXH!D:D,0)),"không có") -> không có | E19: 06/05/2010 | F19: 093210000034 | H19: thành viên | I19: =DATEDIF($E19, TODAY(), "Y") -> 16
B20: Lê Thị Kim Thoa | C20: 9222512532 | D20: =IFERROR(INDEX(BHXH!B:B,MATCH($F20,BHXH!D:D,0)),"không có") -> 9222512532 | E20: 40384 | F20: 092310001935 | G20: 45790 | H20: thành viên | I20: =DATEDIF($E20, TODAY(), "Y") -> 16
B21: Trần Đăng Khoa | C21: không có | D21: =IFERROR(INDEX(BHXH!B:B,MATCH($F21,BHXH!D:D,0)),"không có") -> không có | E21: 27/10/2009 | F21: 093209001302 | H21: thành viên | I21: =DATEDIF($E21, TODAY(), "Y") -> #VALUE!
B22: Nguyễn Ngọc Như Ý | C22: 9222869197 | E22: 22/03/2014 | F22: 093314003626 | G22: 46248 | H22: thành viên | I22: =DATEDIF($E22, TODAY(), "Y") -> #VALUE!
B23: Đỗ Thị Âm | C23: 9320998871 | D23: =IFERROR(INDEX(BHXH!B:B,MATCH($F23,BHXH!D:D,0)),"không có") -> không có | E23: 15/06/2010 | F23: 093310006717 | H23: thành viên | I23: =DATEDIF($E23, TODAY(), "Y") -> #VALUE! | Z23: Bị Câm
B24: Nguyễn Minh Khôi | E24: 44789 | F24: 091222009232 | H24: thành viên | I24: =DATEDIF($E24, TODAY(), "Y") -> 4
B25: Phạm Đức Duy | C25: 9321003834 | D25: =IFERROR(INDEX(BHXH!B:B,MATCH($F25,BHXH!D:D,0)),"không có") -> 9321003834 | E25: 29/10/2009 | F25: 093209006941 | G25: 45924 | H25: thành viên | I25: =DATEDIF($E25, TODAY(), "Y") -> #VALUE!
B26: Huỳnh Thị Ngọc Lan | C26: 9320993170 | D26: =IFERROR(INDEX(BHXH!B:B,MATCH($F26,BHXH!D:D,0)),"không có") -> 9320993170 | E26: 13/05/2010 | F26: 093310004570 | G26: 46036 | H26: thành viên | I26: =DATEDIF($E26, TODAY(), "Y") -> #VALUE!
B27: Trương Thị Bảo Yến | C27: 9321665316 | D27: =IFERROR(INDEX(BHXH!B:B,MATCH($F27,BHXH!D:D,0)),"không có") -> 9321665316 | E27: 04/09/2010 | F27: 093310002215 | G27: 45585 | H27: thành viên | I27: =DATEDIF($E27, TODAY(), "Y") -> 16
B28: Nguyễn Văn Nhiều | C28: 9321715239 | D28: =IFERROR(INDEX(BHXH!B:B,MATCH($F28,BHXH!D:D,0)),"không có") -> 9321715239 | E28: 04/10/2009 | F28: 093209004654 | G28: 45050 | H28: thành viên | I28: =DATEDIF($E28, TODAY(), "Y") -> 17
B29: Huỳnh Ngọc Trân | C29: 9320979076 | D29: =IFERROR(INDEX(BHXH!B:B,MATCH($F29,BHXH!D:D,0)),"không có") -> 9320979076 | E29: 11/12/2008 | F29: 093308007358 | G29: 45012 | H29: thành viên | I29: =DATEDIF($E29, TODAY(), "Y") -> 17
B30: Lê Thị Yến Như | C30: không có | D30: =IFERROR(INDEX(BHXH!B:B,MATCH($F30,BHXH!D:D,0)),"không có") -> không có | E30: 04/03/2009 | F30: 093309003153 | G30: 45208 | H30: thành viên | I30: =DATEDIF($E30, TODAY(), "Y") -> 17
B31: Phạm Hồng Nghĩa | C31: 9321711955 | D31: =IFERROR(INDEX(BHXH!B:B,MATCH($F31,BHXH!D:D,0)),"không có") -> 9321711955 | E31: 22/11/2008 | F31: 093208003795 | G31: 45012 | H31: thành viên | I31: =DATEDIF($E31, TODAY(), "Y") -> #VALUE!
B32: Phạm Thị Bé Ngọc | C32: 9320979078 | D32: =IFERROR(INDEX(BHXH!B:B,MATCH($F32,BHXH!D:D,0)),"không có") -> 9320979078 | E32: 14/07/2009 | F32: 093309006664 | G32: 46084 | H32: thành viên | I32: =DATEDIF($E32, TODAY(), "Y") -> #VALUE!
B33: Loh Thiên Phúc | C33: 9321942060 | E33: 14/02/2018 | F33: 093218002691 | H33: thành viên | I33: =DATEDIF($E33, TODAY(), "Y") -> #VALUE! | L33: x
B34: Nguyễn Hoàng Kha | C34: 9321024668 | D34: =IFERROR(INDEX(BHXH!B:B,MATCH($F34,BHXH!D:D,0)),"không có") -> không có | E34: 02/05/2009 | F34: 093209002948 | G34: 45012 | H34: thành viên | I34: =DATEDIF($E34, TODAY(), "Y") -> 17
B35: Nguyễn Định Quốc | C35: 9320992022 | D35: =IFERROR(INDEX(BHXH!B:B,MATCH($F35,BHXH!D:D,0)),"không có") -> 9320992022 | E35: 15/10/2008 | F35: 093208002380 | G35: 44915 | H35: thành viên | I35: =DATEDIF($E35, TODAY(), "Y") -> #VALUE!
B36: Huỳnh Nhã Nghi Đình | C36: 9321950966 | E36: 15/05/2019 | F36: 093319006365 | G36: 46198 | H36: thành viên | I36: =DATEDIF($E36, TODAY(), "Y") -> #VALUE!
B37: Huỳnh Khôi Nguyên | C37: 9322028961 | E37: 07/06/2023 | F37: 093223002298 | H37: thành viên | I37: =DATEDIF($E37, TODAY(), "Y") -> 3
B38: Trương Tâm Nghi | C38: 9320994931 | D38: =IFERROR(INDEX(BHXH!B:B,MATCH($F38,BHXH!D:D,0)),"không có") -> 9320994931 | E38: 24/05/2009 | F38: 093309004934 | G38: 45107 | H38: thành viên | I38: =DATEDIF($E38, TODAY(), "Y") -> #VALUE!
B39: Huỳnh Tống Gia Vỹ | C39: 9223329147 | E39: 18/07/2025 | F39: 092225003500 | H39: thành viên | I39: =DATEDIF($E39, TODAY(), "Y") -> #VALUE!
B40: Bùi Thị Ngà | C40: 7423151020 | D40: =IFERROR(INDEX(BHXH!B:B,MATCH($F40,BHXH!D:D,0)),"không có") -> 7423151020 | E40: 21/05/2009 | F40: 093309001079 | G40: 45456 | H40: thành viên | I40: =DATEDIF($E40, TODAY(), "Y") -> #VALUE!
B41: Liên Thị Khánh Ngọc | C41: 9320949138 | D41: =IFERROR(INDEX(BHXH!B:B,MATCH($F41,BHXH!D:D,0)),"không có") -> 9320949138 | E41: 25/05/2009 | F41: 093309006413 | G41: 45225 | H41: thành viên | I41: =DATEDIF($E41, TODAY(), "Y") -> #VALUE!
B42: Lê Anh Thư | C42: 9321017198 | D42: =IFERROR(INDEX(BHXH!B:B,MATCH($F42,BHXH!D:D,0)),"không có") -> 9321017198 | E42: 12/12/2008 | F42: 093308007419 | G42: 45012 | H42: thành viên | I42: =DATEDIF($E42, TODAY(), "Y") -> 17
B43: Hồ Ngọc Diệp | C43: 9321003464 | D43: =IFERROR(INDEX(BHXH!B:B,MATCH($F43,BHXH!D:D,0)),"không có") -> 9321003464 | E43: 22/09/2009 | F43: 093309004423 | G43: 45272 | H43: thành viên | I43: =DATEDIF($E43, TODAY(), "Y") -> #VALUE!
B44: Nguyễn Thị Thúy Quỳnh | C44: 9321034919 | D44: =IFERROR(INDEX(BHXH!B:B,MATCH($F44,BHXH!D:D,0)),"không có") -> 9321034919 | E44: 11/05/2009 | F44: 093309000010 | G44: 45407 | H44: thành viên | I44: =DATEDIF($E44, TODAY(), "Y") -> 16
B45: Trần Thị Kim Ngân | C45: 9320952563 | D45: =IFERROR(INDEX(BHXH!B:B,MATCH($F45,BHXH!D:D,0)),"không có") -> 9320952563 | E45: 25/01/2009 | F45: 093309004032 | G45: 45040 | H45: thành viên | I45: =DATEDIF($E45, TODAY(), "Y") -> #VALUE!
B46: Nguyễn Văn Đà | C46: 9321715241 | D46: =IFERROR(INDEX(BHXH!B:B,MATCH($F46,BHXH!D:D,0)),"không có") -> 9321715241 | E46: 25/05/2009 | F46: 093209001119 | G46: 45174 | H46: thành viên | I46: =DATEDIF($E46, TODAY(), "Y") -> #VALUE!
B47: Huỳnh Nguyễn Tường An | C47: 9320961309 | E47: 20/12/2013 | F47: 093313005424 | G47: 46186 | H47: thành viên | I47: =DATEDIF($E47, TODAY(), "Y") -> #VALUE!
B48: Phạm Thị Bé Phương | D48: =IFERROR(INDEX(BHXH!B:B,MATCH($F48,BHXH!D:D,0)),"không có") -> 9320979077 | E48: 39593 | F48: 093308006076 | G48: 45231 | H48: thành viên | I48: =DATEDIF($E48, TODAY(), "Y") -> 18
B49: Huỳnh Trần Y Phương | C49: 9322014838 | E49: 31/10/2021 | F49: 093321005035 | H49: thành viên | I49: =DATEDIF($E49, TODAY(), "Y") -> #VALUE!
B50: Trần Anh Ngọc | C50: 9320959330 | D50: =IFERROR(INDEX(BHXH!B:B,MATCH($F50,BHXH!D:D,0)),"không có") -> 9320959330 | E50: 23/09/2008 | F50: 093208001015 | G50: 45012 | H50: thành viên | I50: =DATEDIF($E50, TODAY(), "Y") -> #VALUE!
B51: Trương Minh Trọng | C51: 9320982750 | D51: =IFERROR(INDEX(BHXH!B:B,MATCH($F51,BHXH!D:D,0)),"không có") -> 9320982750 | E51: 14/09/2008 | F51: 093208004304 | G51: 45506 | H51: thành viên | I51: =DATEDIF($E51, TODAY(), "Y") -> #VALUE!
B52: Bùi Thị Cẩm Giang | C52: 7423122208 | D52: =IFERROR(INDEX(BHXH!B:B,MATCH($F52,BHXH!D:D,0)),"không có") -> 7423122208 | E52: 16/01/2008 | F52: 093308006288 | H52: thành viên | I52: =DATEDIF($E52, TODAY(), "Y") -> #VALUE!
B53: Nguyễn Huỳnh Giao | C53: 9321001180 | D53: =IFERROR(INDEX(BHXH!B:B,MATCH($F53,BHXH!D:D,0)),"không có") -> 9321001180 | E53: 01/04/2008 | F53: 093308008302 | G53: 46115 | H53: thành viên | I53: =DATEDIF($E53, TODAY(), "Y") -> 18
B54: Lê Hoàng Huỳnh Như | C54: 9320983917 | D54: =IFERROR(INDEX(BHXH!B:B,MATCH($F54,BHXH!D:D,0)),"không có") -> 9320983917 | E54: 17/04/2008 | F54: 093308002839 | G54: 44609 | H54: thành viên | I54: =DATEDIF($E54, TODAY(), "Y") -> #VALUE!
B55: Trần Thị Lệ Hằng | C55: 9321019772 | D55: =IFERROR(INDEX(BHXH!B:B,MATCH($F55,BHXH!D:D,0)),"không có") -> 9321019772 | E55: 20/08/2008 | F55: 093308002540 | G55: 45012 | H55: thành viên | I55: =DATEDIF($E55, TODAY(), "Y") -> #VALUE!
B56: Trần Thị Loan | C56: 9621740389 | D56: =IFERROR(INDEX(BHXH!B:B,MATCH($F56,BHXH!D:D,0)),"không có") -> 9621740389 | E56: 39385 | F56: 096307003393 | G56: 44870 | H56: thành viên | I56: =DATEDIF($E56, TODAY(), "Y") -> 18
B57: Phạm Thị Phượng Mai | C57: 9321052344 | D57: =IFERROR(INDEX(BHXH!B:B,MATCH($F57,BHXH!D:D,0)),"không có") -> 9321052344 | E57: 12/01/2008 | F57: 093308005484 | G57: 46105 | H57: thành viên | I57: =DATEDIF($E57, TODAY(), "Y") -> 17
B58: Lê Minh Trung | C58: 9321034928 | E58: 27/10/2014 | F58: 093214002982 | G58: 46201 | H58: thành viên | I58: =DATEDIF($E58, TODAY(), "Y") -> #VALUE!
B59: Nguyễn Minh Cảnh | C59: 9321019917 | D59: =IFERROR(INDEX(BHXH!B:B,MATCH($F59,BHXH!D:D,0)),"không có") -> 9321019917 | E59: 11/07/2008 | F59: 093208007801 | G59: 45903 | H59: thành viên | I59: =DATEDIF($E59, TODAY(), "Y") -> 17
B60: Tống Thị Huỳnh Như | C60: 8924504413 | D60: =IFERROR(INDEX(BHXH!B:B,MATCH($F60,BHXH!D:D,0)),"không có") -> 8924504413 | E60: 20/01/2007 | F60: 089307000813 | G60: 44326 | H60: thành viên | I60: =DATEDIF($E60, TODAY(), "Y") -> #VALUE!
B61: Huỳnh Quang Quyến | C61: 9321715200 | D61: =IFERROR(INDEX(BHXH!B:B,MATCH($F61,BHXH!D:D,0)),"không có") -> 9321715200 | E61: 12/06/2007 | F61: 093207009525 | G61: 44678 | H61: thành viên | I61: =DATEDIF($E61, TODAY(), "Y") -> 18
B62: Phạm Hồng Như Ý | C62: 9321711957 | D62: =IFERROR(INDEX(BHXH!B:B,MATCH($F62,BHXH!D:D,0)),"không có") -> 9321711957 | E62: 10/10/2006 | F62: 093306006833 | G62: 44357 | H62: thành viên | I62: =DATEDIF($E62, TODAY(), "Y") -> 19 | K62: x
B63: Nguyễn Thị Hằng Ni | C63: không có | D63: =IFERROR(INDEX(BHXH!B:B,MATCH($F63,BHXH!D:D,0)),"không có") -> không có | E63: 01/01/2007 | F63: 093307000168 | G63: 44314 | H63: thành viên | I63: =DATEDIF($E63, TODAY(), "Y") -> 19
B64: Lê Thị Bé Quy | C64: 9321017178 | D64: =IFERROR(INDEX(BHXH!B:B,MATCH($F64,BHXH!D:D,0)),"không có") -> 9321017178 | E64: 07/07/2007 | F64: 093307005660 | G64: 44604 | H64: thành viên | I64: =DATEDIF($E64, TODAY(), "Y") -> 19
B65: Trần Phước Lộc | C65: 9320973432 | D65: =IFERROR(INDEX(BHXH!B:B,MATCH($F65,BHXH!D:D,0)),"không có") -> 9320973432 | E65: 07/06/2007 | F65: 093207009573 | G65: 44515 | H65: thành viên | I65: =DATEDIF($E65, TODAY(), "Y") -> 19
B66: Trần Thị Ánh Như | C66: 9321715203 | D66: =IFERROR(INDEX(BHXH!B:B,MATCH($F66,BHXH!D:D,0)),"không có") -> 9321715203 | E66: 08/03/2007 | F66: 093307006862 | G66: 44515 | H66: thành viên | I66: =DATEDIF($E66, TODAY(), "Y") -> 19
B67: Trần Gia Hưng | C67: 9222367801 | D67: =IFERROR(INDEX(BHXH!B:B,MATCH($F67,BHXH!D:D,0)),"không có") -> 9222367801 | E67: 06/07/2007 | F67: 093207006145 | G67: 44421 | H67: thành viên | I67: =DATEDIF($E67, TODAY(), "Y") -> 19
B68: Nguyễn Thanh Hương | C68: 9321052459 | D68: =IFERROR(INDEX(BHXH!B:B,MATCH($F68,BHXH!D:D,0)),"không có") -> không có | E68: 11/10/2006 | F68: 093306001111 | G68: 44297 | H68: thành viên | I68: =DATEDIF($E68, TODAY(), "Y") -> 19
B69: Lê Văn Toàn | C69: 9321034927 | D69: =IFERROR(INDEX(BHXH!B:B,MATCH($F69,BHXH!D:D,0)),"không có") -> 9321034927 | E69: 16/11/2006 | F69: 093206001315 | G69: 44305 | H69: thành viên | I69: =DATEDIF($E69, TODAY(), "Y") -> #VALUE!
B70: Võ Phi Phàm | C70: 9321045638 | D70: =IFERROR(INDEX(BHXH!B:B,MATCH($F70,BHXH!D:D,0)),"không có") -> 9321045638 | E70: 01/03/2007 | F70: 093207000166 | G70: 44305 | H70: thành viên | I70: =DATEDIF($E70, TODAY(), "Y") -> 19
B71: Võ Tấn Phong | C71: 9321006110 | D71: =IFERROR(INDEX(BHXH!B:B,MATCH($F71,BHXH!D:D,0)),"không có") -> 9321006110 | E71: 22/12/2006 | F71: 093206001072 | G71: 44297 | H71: thành viên | I71: =DATEDIF($E71, TODAY(), "Y") -> #VALUE!
B72: Nguyễn Đặng Hoàng Phúc | C72: 9321715207 | D72: =IFERROR(INDEX(BHXH!B:B,MATCH($F72,BHXH!D:D,0)),"không có") -> 9321715207 | E72: 05/03/2007 | F72: 093207001013 | G72: 44682 | H72: thành viên | I72: =DATEDIF($E72, TODAY(), "Y") -> 19
B73: Trần Thị Lan Trinh | C73: 9321044678 | D73: =IFERROR(INDEX(BHXH!B:B,MATCH($F73,BHXH!D:D,0)),"không có") -> 9321044678 | E73: 03/09/2007 | F73: 093307004324 | G73: 44515 | H73: thành viên | I73: =DATEDIF($E73, TODAY(), "Y") -> 19
B74: Đỗ Quyên | C74: 9321049427 | D74: =IFERROR(INDEX(BHXH!B:B,MATCH($F74,BHXH!D:D,0)),"không có") -> 9321049427 | E74: 29/08/2007 | F74: 093307001811 | G74: 44678 | H74: thành viên | I74: =DATEDIF($E74, TODAY(), "Y") -> #VALUE!
B75: Nguyễn Trần Hạo Nhiên | C75: 9321972526 | E75: 09/06/2020 | F75: 093220003238 | G75: 46167 | H75: thành viên | I75: =DATEDIF($E75, TODAY(), "Y") -> 6
B76: Nguyễn Trần An Nhiên | C76: 9320970797 | E76: 23/10/2015 | F76: 093315001660 | G76: 46172 | H76: thành viên | I76: =DATEDIF($E76, TODAY(), "Y") -> #VALUE!
B77: Nguyễn Văn Phúc | C77: 9320999043 | D77: =IFERROR(INDEX(BHXH!B:B,MATCH($F77,BHXH!D:D,0)),"không có") -> không có | E77: 17/07/2007 | F77: 093207002254 | G77: 44604 | H77: thành viên | I77: =DATEDIF($E77, TODAY(), "Y") -> #VALUE!
B78: Trần Thị Thanh Ngân | C78: 9320992059 | D78: =IFERROR(INDEX(BHXH!B:B,MATCH($F78,BHXH!D:D,0)),"không có") -> 9320992059 | E78: 14/10/2005 | F78: 093305000331 | G78: 44299 | H78: thành viên | I78: =DATEDIF($E78, TODAY(), "Y") -> #VALUE!
B79: Nguyễn Gia Nguyên | C79: 9321881567 | E79: 20/03/2018 | F79: 093218002004 | G79: 46204 | H79: thành viên | I79: =DATEDIF($E79, TODAY(), "Y") -> #VALUE!
B80: Nguyễn Gia Thịnh | C80: 9321696735 | E80: 08/05/2016 | F80: 093216001728 | G80: 46204 | H80: thành viên | I80: =DATEDIF($E80, TODAY(), "Y") -> 10
B81: Trương Minh Kha | C81: 9321919385 | D81: =IFERROR(INDEX(BHXH!B:B,MATCH($F81,BHXH!D:D,0)),"không có") -> 9321919385 | E81: 15/07/2006 | F81: 093206009374 | G81: 44417 | H81: thành viên | I81: =DATEDIF($E81, TODAY(), "Y") -> #VALUE!
B82: Nguyễn Tấn Hưng | C82: 9320998990 | D82: =IFERROR(INDEX(BHXH!B:B,MATCH($F82,BHXH!D:D,0)),"không có") -> không có | E82: 29/08/2006 | F82: 093206007236 | G82: 44329 | H82: thành viên | I82: =DATEDIF($E82, TODAY(), "Y") -> #VALUE!
B83: Lê Chí Tính | C83: 9321715255 | D83: =IFERROR(INDEX(BHXH!B:B,MATCH($F83,BHXH!D:D,0)),"không có") -> 9321715255 | E83: 17/04/2006 | F83: 093206000266 | G83: 44299 | H83: thành viên | I83: =DATEDIF($E83, TODAY(), "Y") -> #VALUE!
B84: La Nguyễn Gia Hân | E84: 46109 | F84: 092226003296 | H84: thành viên | I84: =DATEDIF($E84, TODAY(), "Y") -> 0
B85: La Nguyễn Vi Vi | C85: 9321993129 | E85: 03/06/2022 | F85: 093322000502 | H85: thành viên | I85: =DATEDIF($E85, TODAY(), "Y") -> 4
B86: Lê Tuấn Kiệt | C86: 9320970032 | D86: =IFERROR(INDEX(BHXH!B:B,MATCH($F86,BHXH!D:D,0)),"không có") -> 9320970032 | E86: 23/02/2006 | F86: 093206004802 | G86: 44329 | H86: thành viên | I86: =DATEDIF($E86, TODAY(), "Y") -> #VALUE!
B87: Liên Thị Ngọc Vân | C87: không có | D87: =IFERROR(INDEX(BHXH!B:B,MATCH($F87,BHXH!D:D,0)),"không có") -> không có | E87: 07/11/2005 | F87: 093305000422 | G87: 44288 | H87: thành viên | I87: =DATEDIF($E87, TODAY(), "Y") -> 21
B88: Nguyễn Ngô Phước Thịnh | C88: 9321696748 | E88: 14/11/2013 | F88: 093213007893 | G88: 46244 | H88: thành viên | I88: =DATEDIF($E88, TODAY(), "Y") -> #VALUE!
B89: Huỳnh Thị Xuân Mai | C89: 9320962802 | D89: =IFERROR(INDEX(BHXH!B:B,MATCH($F89,BHXH!D:D,0)),"không có") -> 9320962802 | E89: 22/02/2006 | F89: 093306001123 | G89: 44297 | H89: thành viên | I89: =DATEDIF($E89, TODAY(), "Y") -> #VALUE!
B90: Lê Hoàng Huỳnh Hương | C90: 9321047584 | D90: =IFERROR(INDEX(BHXH!B:B,MATCH($F90,BHXH!D:D,0)),"không có") -> 9321047584 | E90: 05/05/2006 | F90: 093306001375 | G90: 44312 | H90: thành viên | I90: =DATEDIF($E90, TODAY(), "Y") -> 20
B91: Huỳnh Lê Yến Ngọc | C91: 9320978282 | D91: =IFERROR(INDEX(BHXH!B:B,MATCH($F91,BHXH!D:D,0)),"không có") -> 9320978282 | E91: 23/01/2006 | F91: 093306008689 | G91: 44329 | H91: thành viên | I91: =DATEDIF($E91, TODAY(), "Y") -> #VALUE!
B92: Đặng Như Huỳnh | C92: 9321973618 | E92: 21/05/2020 | F92: 093320003406 | G92: 46227 | H92: thành viên | I92: =DATEDIF($E92, TODAY(), "Y") -> #VALUE!
B93: Trương Văn Trọng | C93: 9320982751 | D93: =IFERROR(INDEX(BHXH!B:B,MATCH($F93,BHXH!D:D,0)),"không có") -> 9320982751 | E93: 16/12/2005 | F93: 093205004816 | G93: 44607 | H93: thành viên | I93: =DATEDIF($E93, TODAY(), "Y") -> #VALUE!
B94: Nguyễn Phước Dư | C94: 9321054684 | D94: =IFERROR(INDEX(BHXH!B:B,MATCH($F94,BHXH!D:D,0)),"không có") -> không có | E94: 20/01/2006 | F94: 093206000202 | G94: 44288 | H94: thành viên | I94: =DATEDIF($E94, TODAY(), "Y") -> #VALUE!
B95: Đặng Quốc Đạt | C95: 9321633484 | E95: 17/02/2012 | F95: 093212001137 | G95: 45957 | H95: thành viên | I95: =DATEDIF($E95, TODAY(), "Y") -> #VALUE!
B96: Nguyễn Mỹ Ái | C96: 9320986583 | D96: =IFERROR(INDEX(BHXH!B:B,MATCH($F96,BHXH!D:D,0)),"không có") -> không có | E96: 12/06/2005 | F96: 093305001667 | G96: 44314 | H96: thành viên | I96: =DATEDIF($E96, TODAY(), "Y") -> 20
B97: Trần Thị Diễm Phương | C97: 9320969917 | D97: =IFERROR(INDEX(BHXH!B:B,MATCH($F97,BHXH!D:D,0)),"không có") -> 9320969917 | E97: 22/02/2005 | F97: 093305000320 | G97: 44280 | H97: thành viên | I97: =DATEDIF($E97, TODAY(), "Y") -> #VALUE!
B98: Bùi Chí Khiêm | C98: 9320952745 | D98: =IFERROR(INDEX(BHXH!B:B,MATCH($F98,BHXH!D:D,0)),"không có") -> 9320952745 | E98: 26/07/2005 | F98: 093205001471 | G98: 44299 | H98: thành viên | I98: =DATEDIF($E98, TODAY(), "Y") -> #VALUE!
B99: Đặng Như Huỳnh | C99: 9321973618 | E99: 21/05/2020 | F99: 093320003406 | G99: 46227 | H99: thành viên | I99: =DATEDIF($E99, TODAY(), "Y") -> #VALUE! | O99: Sửa xe
B100: Hồ Ngọc Hân | C100: 9321023310 | D100: =IFERROR(INDEX(BHXH!B:B,MATCH($F100,BHXH!D:D,0)),"không có") -> 9321023310 | E100: 21/06/2005 | F100: 093305000337 | G100: 44280 | H100: thành viên | I100: =DATEDIF($E100, TODAY(), "Y") -> #VALUE!
...

Sheet BHXH
A1: Họ và tên | B1: Mã số bảo hiểm y tế | C1: Ngày sinh | D1: Số căn cước công dân/Định danh cá nhân | G1: =IFERROR(INDEX(BHXH!B:B,MATCH($F3,BHXH!D:D,0)),"không có")
A2: B | B2: 1 | D2: 2
A3: Trương Thị Lụa | B3: 0204015408 | C3: 01/01/1976 | D3: 093176004419
A4: Lê Thị Kim Tám | B4: 7410191368 | C4: 01/01/1990 | D4: 093190004973
A5: Nguyễn Thị Nhường | B5: 7410212696 | C5: 01/01/1971 | D5: 093171002445
A6: Bùi Quốc Phong | B6: 7414136077 | C6: 01/01/1991 | D6: 093091005744
A7: Lê Thị Diễm Thúy | B7: 7415024225 | C7: 30/06/1996 | D7: 093196003758
A8: Huỳnh Thị Kim Thoa | B8: 7415143880 | C8: 16/06/1994 | D8: 093194007115
A9: Đặng Chí Thanh | B9: 7416189336 | C9: 20/10/1988 | D9: 093088010187
A10: Dương Hồng Diễm | B10: 7416332232 | C10: 29/05/1999 | D10: 093199004042
A11: Lương Thị Thanh Ngân | B11: 7422362727 | C11: 11/11/2004 | D11: 074304003977
A12: Nguyễn Kiên Giang | B12: 7422405676 | C12: 01/01/1985 | D12: 093085013570
A13: Bùi Thị Cẩm Giang | B13: 7423122208 | C13: 16/01/2008 | D13: 093308006288
A14: Trang Ngọc Vân | B14: 7423241809 | C14: 31/12/1989 | D14: 093089010272 | H14: 47
A15: Phạm Hồng Tuấn | B15: 7423500209 | C15: 01/01/1977 | D15: 093077000732
A16: Phạm Văn Lấn | B16: 7423969585 | C16: 06/08/1982 | D16: 092082006980
A17: Lê Thanh Bình | B17: 7511034816 | C17: 01/01/1988 | D17: 093088001219
A18: Lê Thanh Tùng | B18: 7514030054 | C18: 01/01/1983 | D18: 093083001223
A19: Nguyễn Thị Mỹ Ly | B19: 7516122593 | C19: 01/01/1981 | D19: 092181015539
A20: Võ Tấn Hải | B20: 7516200336 | C20: 01/12/1989 | D20: 093089001051
A21: Hà Hải Nam | B21: 7910497964 | C21: 15/10/1992 | D21: 093092000655
A22: Nguyễn Văn Hiện | B22: 7911344179 | C22: 09/12/1993 | D22: 093093000241
A23: Trần Thị Rồi | B23: 7913198323 | C23: 01/01/1971 | D23: 093171007455
A24: Huỳnh Thị Hồng Lan | B24: 7914240007 | C24: 01/01/1981 | D24: 093181002186
A25: Nguyễn Văn Duẩn | B25: 7915132891 | C25: 09/10/1988 | D25: 093088005946
A26: Nguyễn Văn Thanh | B26: 7915226558 | C26: 07/04/1990 | D26: 093090001189
... A2205: Nguyễn Đình Phi | B2205: 9321023905 | C2205: 13/08/2005 | D2205: 093205009054
